U00096.2__Escherichia_coli_K-12_MG1655_complete_genome__4639675_bp_	NODE_29_length_19881_cov_361.190979	NODE_3_length_5562_cov_336.100861	NODE_1_length_33205_cov_349.680511	NODE_6_length_14518_cov_466.474792	NODE_25_length_13410_cov_340.812592	NODE_2_length_7474_cov_349.898438	NODE_27_length_5324_cov_388.069122
